{
    "keyframes": "",
    "camera_type": "perspective",
    "render_height": 738,
    "render_width": 994,
    "camera_path": [
        {
            "camera_to_world": [
                0.6533981055109223,
                0.5242162436257349,
                -0.546139401282916,
                -0.23120709784061952,
                -0.7570144752346137,
                0.45246413598228,
                -0.47138656104631455,
                0.03471556692196675,
                2.0308086470074126e-15,
                0.7214385182181032,
                0.6924784938402543,
                -0.25159880702447673,
                0.0,
                0.0,
                0.0,
                1.0
            ],
            "fov": 64.64829338757471,
            "aspect": 1.3468834688346885
        },
        {
            "camera_to_world": [
                0.4294462625979271,
                -0.36216906460455056,
                0.827290442459078,
                0.00928519761251673,
                0.9030924136214812,
                0.17222174483707062,
                -0.39340025808914086,
                -0.08024210720424346,
                -1.6629524659247965e-15,
                0.9160639929877935,
                0.4010321193511315,
                -0.20132765350848036,
                0.0,
                0.0,
                0.0,
                1.0
            ],
            "fov": 64.64829338757471,
            "aspect": 1.3468834688346885
        },
        {
            "camera_to_world": [
                -0.9827305141025787,
                -0.06864502627335368,
                0.17183886935036644,
                0.10604721905114596,
                0.18504252660316148,
                -0.3645624776020828,
                0.9126080556695462,
                0.20566466393559196,
                -2.6977425693718494e-17,
                0.92864528227551,
                0.3709689201367664,
                -0.10438823074218789,
                0.0,
                0.0,
                0.0,
                1.0
            ],
            "fov": 64.64829338757471,
            "aspect": 1.3468834688346885
        },
        {
            "camera_to_world": [
                -0.9029363026635397,
                0.33092021645885544,
                -0.2742222523266866,
                -0.03770369277697808,
                -0.4297743981815304,
                -0.6952481999632014,
                0.576128377287243,
                0.23347057589184042,
                -1.0558199914006444e-16,
                0.6380609303089737,
                0.7699858759829608,
                0.18538710844197526,
                0.0,
                0.0,
                0.0,
                1.0
            ],
            "fov": 64.64829338757471,
            "aspect": 1.3468834688346885
        },
        {
            "camera_to_world": [
                0.8284305935192423,
                0.32465947915137766,
                -0.45639782462070516,
                -0.13980403393873803,
                -0.560091735094668,
                0.480203202712077,
                -0.675057132681159,
                -0.15449626165047853,
                2.792474517551252e-17,
                0.8148626305716933,
                0.5796541152254334,
                0.17150093962968285,
                0.0,
                0.0,
                0.0,
                1.0
            ],
            "fov": 64.64829338757471,
            "aspect": 1.3468834688346885
        },
        {
            "camera_to_world": [
                0.0023350398370101584,
                -0.1832874845707236,
                0.9830565831063316,
                0.31149391073516947,
                0.9999972737907634,
                0.00042798474486546376,
                -0.0022954825415555523,
                -0.09911614386174916,
                8.627281617492163e-15,
                0.9830592631315747,
                0.1832879842521192,
                -0.0699014758339489,
                0.0,
                0.0,
                0.0,
                1.0
            ],
            "fov": 64.64829338757471,
            "aspect": 1.3468834688346885
        },
        {
            "camera_to_world": [
                0.9983157940209292,
                0.05446467507192225,
                -0.019979353785142453,
                -0.19299151341386078,
                -0.058013579516885176,
                0.9372451380058758,
                -0.3438109595053431,
                -0.12960024512525714,
                -3.147652136320513e-16,
                0.34439098486118436,
                0.9388263148987375,
                0.28045474071145254,
                0.0,
                0.0,
                0.0,
                1.0
            ],
            "fov": 64.64829338757471,
            "aspect": 1.3468834688346885
        },
        {
            "camera_to_world": [
                0.3084704079218017,
                -0.1290406638776057,
                0.9424407220099223,
                -0.28158915073309604,
                0.9512339393842908,
                0.04184586345286536,
                -0.3056189069336636,
                0.10962722370144012,
                2.087862109351534e-08,
                0.9907559895241164,
                0.13565606961020443,
                -0.06423876369019303,
                0.0,
                0.0,
                0.0,
                1.0
            ],
            "fov": 64.64829338757471,
            "aspect": 1.3468834688346885
        },
        {
            "camera_to_world": [
                -0.931384037812163,
                0.10821753214960936,
                0.3475812708477839,
                0.06428701574570941,
                0.3640381492491031,
                0.27687230655205014,
                0.889279456501631,
                -0.3984787600699829,
                3.3562177091895994e-14,
                0.9547935334929727,
                -0.29726975695486446,
                0.06970325406552456,
                0.0,
                0.0,
                0.0,
                1.0
            ],
            "fov": 64.64829338757471,
            "aspect": 1.3468834688346885
        },
        {
            "camera_to_world": [
                -0.8569458155446339,
                -0.1271430633117923,
                0.49947823843710665,
                -0.18177662896717806,
                0.5154065087099129,
                -0.21139569299054417,
                0.8304625167727351,
                -0.07400083845898471,
                2.1839705468162838e-15,
                0.9690957137645075,
                0.2466850169006193,
                0.02897778502422976,
                0.0,
                0.0,
                0.0,
                1.0
            ],
            "fov": 64.64829338757471,
            "aspect": 1.3468834688346885
        }
    ],
    "fps": 1,
    "seconds": 10,
    "smoothness_value": 0.5,
    "is_cycle": false,
    "crop": null
}